How bright is it going to be, weather
How bright is it going to be today, weather
How strong will the wind be, weather
How strong will the wind be today, weather
How will the weather be, weather
How will the weather be today, weather
How windy will it be, weather
How windy will it be today, weather
Is it going to be cold, weather
Is it going to be cool, weather
Is it going to be freezing, weather
Is it going to be hot, weather
Is it going to be shorts weather, weather
Is it going to be warm, weather
Is it going to be wet, weather
Is it going to be windy, weather
Is it going to rain, weather
Should I apply sunscreen, weather
Should I bring a rain jacket, weather
Should I bring a sweater, weather
Should I bring an umbrella, weather
Should I bring sunglasses, weather
Should I wear a sweater, weather
Show me the temperature forecast, weather
Show me today's forecast, weather
Show me today's weather forecast, weather
Show me today's precipitation, weather
Show me today's temperature, weather
Show me today's UV index, weather
Show me today's weather, weather
Show me what the temperature will be, weather
What will the temperature be, weather
What will the weather be, weather
What will the weather conditions be, weather
What will the temperature be today, weather
What will the weather be today, weather
What will the weather conditions be today, weather
What will today's UV index be, weather
What will the UV index be, weather
What's the probability of precipitation, weather
What's the weather forecast, weather
What's the probability of precipitation today, weather
What's the weather forecast today, weather
What's today's UV index, weather
Will I get a sunburn, weather
Will I need sunglasses, weather
Will I need sunscreen, weather
Will I need to bring a sweater, weather
Will it be bright, weather
Will it be cold, weather
Will it be cool, weather
Will it be freezing, weather
Will it be hot, weather
Will it be warm, weather
Will it be windy, weather
Will it rain, weather
Will the wind be strong, weather
Will I get a sunburn today, weather
Will I need sunglasses today, weather
Will I need sunscreen today, weather
Will I need to bring a sweater today, weather
Will it be bright today, weather
Will it be cold today, weather
Will it be cool today, weather
Will it be freezing today, weather
Will it be hot today, weather
Will it be warm today, weather
Will it be windy today, weather
Will it rain today, weather
Will the wind be strong today, weather